{
    "prepare_queue": {
        "installed": [],
        "uninstalled": []
    },
    "config_munge": {
        "files": {
            "res/xml/config.xml": {
                "parents": {
                    "/*": [
                        {
                            "xml": "<feature name=\"Whitelist\"><param name=\"android-package\" value=\"org.apache.cordova.whitelist.WhitelistPlugin\" /><param name=\"onload\" value=\"true\" /></feature>",
                            "count": 1
                        },
                        {
                            "xml": "<feature name=\"Device\"><param name=\"android-package\" value=\"org.apache.cordova.device.Device\" /></feature>",
                            "count": 1
                        },
                        {
                            "xml": "<feature name=\"SplashScreen\"><param name=\"android-package\" value=\"org.apache.cordova.splashscreen.SplashScreen\" /><param name=\"onload\" value=\"true\" /></feature>",
                            "count": 1
                        },
                        {
                            "xml": "<feature name=\"Keyboard\"><param name=\"android-package\" value=\"io.ionic.keyboard.IonicKeyboard\" /><param name=\"onload\" value=\"true\" /></feature>",
                            "count": 1
                        },
                        {
                            "xml": "<feature name=\"InAppBrowser\"><param name=\"android-package\" value=\"org.apache.cordova.inappbrowser.InAppBrowser\" /></feature>",
                            "count": 1
                        },
                        {
                            "xml": "<feature name=\"File\"><param name=\"android-package\" value=\"org.apache.cordova.file.FileUtils\" /><param name=\"onload\" value=\"true\" /></feature>",
                            "count": 1
                        },
                        {
                            "xml": "<allow-navigation href=\"cdvfile:*\" />",
                            "count": 1
                        },
                        {
                            "xml": "<feature name=\"Media\"><param name=\"android-package\" value=\"org.apache.cordova.media.AudioHandler\" /></feature>",
                            "count": 1
                        },
                        {
                            "xml": "<feature name=\"Camera\"><param name=\"android-package\" value=\"org.apache.cordova.camera.CameraLauncher\" /></feature>",
                            "count": 1
                        },
                        {
                            "xml": "<feature name=\"Notification\"><param name=\"android-package\" value=\"org.apache.cordova.dialogs.Notification\" /></feature>",
                            "count": 1
                        },
                        {
                            "xml": "<feature name=\"Geolocation\"><param name=\"android-package\" value=\"org.apache.cordova.geolocation.Geolocation\" /></feature>",
                            "count": 1
                        },
                        {
                            "xml": "<feature name=\"NativePageTransitions\"><param name=\"android-package\" value=\"com.telerik.plugins.nativepagetransitions.NativePageTransitions\" /><param name=\"onload\" value=\"true\" /></feature>",
                            "count": 1
                        },
                        {
                            "xml": "<feature name=\"CardIO\"><param name=\"android-package\" value=\"io.card.cordova.sdk.CardIOCordovaPlugin\" /></feature>",
                            "count": 1
                        },
                        {
                            "xml": "<feature name=\"PayPalMobile\"><param name=\"android-package\" value=\"com.paypal.cordova.sdk.PayPalMobileCordovaPlugin\" /></feature>",
                            "count": 1
                        },
                        {
                            "xml": "<feature name=\"FileTransfer\"><param name=\"android-package\" value=\"org.apache.cordova.filetransfer.FileTransfer\" /></feature>",
                            "count": 1
                        },
                        {
                            "xml": "<feature name=\"OneSignalPush\"><param name=\"android-package\" value=\"com.plugin.gcm.OneSignalPush\" /></feature>",
                            "count": 1
                        },
                        {
                            "xml": "<feature name=\"NetworkStatus\"><param name=\"android-package\" value=\"org.apache.cordova.networkinformation.NetworkManager\" /></feature>",
                            "count": 1
                        },
                        {
                            "xml": "<preference name=\"webView\" value=\"org.crosswalk.engine.XWalkWebViewEngine\" />",
                            "count": 1
                        },
                        {
                            "xml": "<preference name=\"xwalkVersion\" value=\"23+\" />",
                            "count": 1
                        },
                        {
                            "xml": "<preference name=\"xwalkLiteVersion\" value=\"xwalk_core_library_canary:17+\" />",
                            "count": 1
                        },
                        {
                            "xml": "<preference name=\"xwalkCommandLine\" value=\"--disable-pull-to-refresh-effect\" />",
                            "count": 1
                        },
                        {
                            "xml": "<preference name=\"xwalkMode\" value=\"embedded\" />",
                            "count": 1
                        },
                        {
                            "xml": "<preference name=\"xwalkMultipleApk\" value=\"true\" />",
                            "count": 1
                        },
                        {
                            "xml": "<preference name=\"android-minSdkVersion\" value=\"16\" />",
                            "count": 1
                        },
                        {
                            "xml": "<feature name=\"AdMob\"><param name=\"android-package\" value=\"com.rjfun.cordova.admob.AdMobPlugin\" /><param name=\"onload\" value=\"true\" /></feature>",
                            "count": 1
                        },
                        {
                            "xml": "<feature name=\"NativeAudio\"><param name=\"android-package\" value=\"com.rjfun.cordova.plugin.nativeaudio.NativeAudio\" /></feature>",
                            "count": 1
                        },
                        {
                            "xml": "<feature name=\"InAppBillingV3\"><param name=\"android-package\" value=\"com.alexdisler.inapppurchases.InAppBillingV3\" /></feature>",
                            "count": 1
                        }
                    ]
                }
            },
            "AndroidManifest.xml": {
                "parents": {
                    "/*": [
                        {
                            "xml": "<uses-permission android:name=\"android.permission.WRITE_EXTERNAL_STORAGE\" />",
                            "count": 5
                        },
                        {
                            "xml": "<uses-permission android:name=\"android.permission.RECORD_AUDIO\" />",
                            "count": 1
                        },
                        {
                            "xml": "<uses-permission android:name=\"android.permission.MODIFY_AUDIO_SETTINGS\" />",
                            "count": 2
                        },
                        {
                            "xml": "<uses-permission android:name=\"android.permission.READ_PHONE_STATE\" />",
                            "count": 2
                        },
                        {
                            "xml": "<uses-permission android:name=\"android.permission.ACCESS_COARSE_LOCATION\" />",
                            "count": 1
                        },
                        {
                            "xml": "<uses-permission android:name=\"android.permission.ACCESS_FINE_LOCATION\" />",
                            "count": 1
                        },
                        {
                            "xml": "<uses-feature android:name=\"android.hardware.location.gps\" />",
                            "count": 1
                        },
                        {
                            "xml": "<uses-permission android:name=\"android.permission.ACCESS_NETWORK_STATE\" />",
                            "count": 3
                        },
                        {
                            "xml": "<uses-permission android:name=\"android.permission.ACCESS_WIFI_STATE\" />",
                            "count": 1
                        },
                        {
                            "xml": "<uses-permission android:name=\"android.permission.INTERNET\" />",
                            "count": 1
                        }
                    ],
                    "application": [
                        {
                            "xml": "<provider android:authorities=\"${applicationId}.provider\" android:exported=\"false\" android:grantUriPermissions=\"true\" android:name=\"android.support.v4.content.FileProvider\"><meta-data android:name=\"android.support.FILE_PROVIDER_PATHS\" android:resource=\"@xml/provider_paths\" /></provider>",
                            "count": 1
                        }
                    ],
                    "/manifest": [
                        {
                            "xml": "<uses-permission android:name=\"com.amazon.device.messaging.permission.RECEIVE\" />",
                            "count": 1
                        },
                        {
                            "xml": "<permission android:name=\"com.ionicframework.starter.permission.RECEIVE_ADM_MESSAGE\" android:protectionLevel=\"signature\" />",
                            "count": 1
                        },
                        {
                            "xml": "<uses-permission android:name=\"com.ionicframework.starter.permission.RECEIVE_ADM_MESSAGE\" />",
                            "count": 1
                        },
                        {
                            "xml": "<uses-permission android:name=\"com.android.vending.BILLING\" />",
                            "count": 1
                        }
                    ],
                    "/manifest/application": [
                        {
                            "xml": "<amazon:enable-feature android:name=\"com.amazon.device.messaging\" android:required=\"false\" xmlns:amazon=\"http://schemas.amazon.com/apk/res/android\" />",
                            "count": 1
                        },
                        {
                            "xml": "<service android:exported=\"false\" android:name=\"com.onesignal.ADMMessageHandler\" />",
                            "count": 1
                        },
                        {
                            "xml": "<receiver android:name=\"com.onesignal.ADMMessageHandler$Receiver\" android:permission=\"com.amazon.device.messaging.permission.SEND\"><intent-filter><action android:name=\"com.amazon.device.messaging.intent.REGISTRATION\" /><action android:name=\"com.amazon.device.messaging.intent.RECEIVE\" /><category android:name=\"com.ionicframework.starter\" /></intent-filter></receiver>",
                            "count": 1
                        },
                        {
                            "xml": "<activity android:configChanges=\"keyboard|keyboardHidden|orientation|screenLayout|uiMode|screenSize|smallestScreenSize\" android:name=\"com.google.android.gms.ads.AdActivity\" android:theme=\"@android:style/Theme.Translucent\" />",
                            "count": 1
                        }
                    ]
                }
            },
            "config.xml": {
                "parents": {
                    "/*": [
                        {
                            "xml": "<feature name=\"Device\"><param name=\"android-package\" value=\"org.apache.cordova.device.Device\" /></feature>",
                            "count": 1
                        },
                        {
                            "xml": "<feature name=\"NetworkStatus\"><param name=\"android-package\" value=\"org.apache.cordova.networkinformation.NetworkManager\" /></feature>",
                            "count": 1
                        },
                        {
                            "xml": "<access origin=\"https://ssl.gstatic.com/accessibility/javascript/android/*\" />",
                            "count": 1
                        },
                        {
                            "xml": "<feature name=\"MobileAccessibility\"><param name=\"android-package\" value=\"com.phonegap.plugin.mobileaccessibility.MobileAccessibility\" /></feature>",
                            "count": 1
                        }
                    ]
                }
            }
        }
    },
    "installed_plugins": {
        "cordova-plugin-whitelist": {
            "PACKAGE_NAME": "com.ionicframework.starter"
        },
        "cordova-plugin-device": {
            "PACKAGE_NAME": "com.ionicframework.starter"
        },
        "cordova-plugin-splashscreen": {
            "PACKAGE_NAME": "com.ionicframework.starter"
        },
        "cordova-plugin-console": {
            "PACKAGE_NAME": "com.ionicframework.starter"
        },
        "ionic-plugin-keyboard": {
            "PACKAGE_NAME": "com.ionicframework.starter"
        },
        "cordova-plugin-inappbrowser": {
            "PACKAGE_NAME": "com.ionicframework.starter"
        },
        "cordova-plugin-compat": {
            "PACKAGE_NAME": "com.ionicframework.starter"
        },
        "cordova-plugin-file": {
            "PACKAGE_NAME": "com.ionicframework.starter"
        },
        "cordova-plugin-media": {
            "PACKAGE_NAME": "com.ionicframework.starter"
        },
        "cordova-plugin-camera": {
            "PACKAGE_NAME": "com.ionicframework.starter"
        },
        "cordova-plugin-dialogs": {
            "PACKAGE_NAME": "com.ionicframework.starter"
        },
        "cordova-plugin-geolocation": {
            "PACKAGE_NAME": "com.ionicframework.starter"
        },
        "com.telerik.plugins.nativepagetransitions": {
            "PACKAGE_NAME": "com.ionicframework.starter"
        },
        "card.io.cordova.mobilesdk": {
            "PACKAGE_NAME": "com.ionicframework.starter"
        },
        "com.paypal.cordova.mobilesdk": {
            "PACKAGE_NAME": "com.ionicframework.starter"
        },
        "cordova-plugin-file-transfer": {
            "PACKAGE_NAME": "com.ionicframework.starter"
        },
        "onesignal-cordova-plugin": {
            "PACKAGE_NAME": "com.ionicframework.starter"
        },
        "cordova-plugin-network-information": {
            "PACKAGE_NAME": "com.ionicframework.starter"
        },
        "phonegap-plugin-mobile-accessibility": {
            "PACKAGE_NAME": "com.ionicframework.starter"
        },
        "cordova-plugin-crosswalk-webview": {
            "XWALK_VERSION": "23+",
            "XWALK_LITEVERSION": "xwalk_core_library_canary:17+",
            "XWALK_COMMANDLINE": "--disable-pull-to-refresh-effect",
            "XWALK_MODE": "embedded",
            "XWALK_MULTIPLEAPK": "true",
            "PACKAGE_NAME": "com.ionicframework.starter"
        },
        "cordova-plugin-extension": {
            "PACKAGE_NAME": "com.ionicframework.starter"
        },
        "cordova-plugin-admobpro": {
            "PACKAGE_NAME": "com.ionicframework.starter"
        },
        "cordova-plugin-nativeaudio": {
            "PACKAGE_NAME": "com.ionicframework.starter"
        },
        "cordova-plugin-inapppurchase": {
            "PACKAGE_NAME": "com.ionicframework.starter"
        }
    },
    "dependent_plugins": {},
    "modules": [
        {
            "id": "cordova-plugin-device.device",
            "file": "plugins/cordova-plugin-device/www/device.js",
            "pluginId": "cordova-plugin-device",
            "clobbers": [
                "device"
            ]
        },
        {
            "id": "cordova-plugin-splashscreen.SplashScreen",
            "file": "plugins/cordova-plugin-splashscreen/www/splashscreen.js",
            "pluginId": "cordova-plugin-splashscreen",
            "clobbers": [
                "navigator.splashscreen"
            ]
        },
        {
            "id": "ionic-plugin-keyboard.keyboard",
            "file": "plugins/ionic-plugin-keyboard/www/android/keyboard.js",
            "pluginId": "ionic-plugin-keyboard",
            "clobbers": [
                "cordova.plugins.Keyboard"
            ],
            "runs": true
        },
        {
            "id": "cordova-plugin-inappbrowser.inappbrowser",
            "file": "plugins/cordova-plugin-inappbrowser/www/inappbrowser.js",
            "pluginId": "cordova-plugin-inappbrowser",
            "clobbers": [
                "cordova.InAppBrowser.open",
                "window.open"
            ]
        },
        {
            "id": "cordova-plugin-file.DirectoryEntry",
            "file": "plugins/cordova-plugin-file/www/DirectoryEntry.js",
            "pluginId": "cordova-plugin-file",
            "clobbers": [
                "window.DirectoryEntry"
            ]
        },
        {
            "id": "cordova-plugin-file.DirectoryReader",
            "file": "plugins/cordova-plugin-file/www/DirectoryReader.js",
            "pluginId": "cordova-plugin-file",
            "clobbers": [
                "window.DirectoryReader"
            ]
        },
        {
            "id": "cordova-plugin-file.Entry",
            "file": "plugins/cordova-plugin-file/www/Entry.js",
            "pluginId": "cordova-plugin-file",
            "clobbers": [
                "window.Entry"
            ]
        },
        {
            "id": "cordova-plugin-file.File",
            "file": "plugins/cordova-plugin-file/www/File.js",
            "pluginId": "cordova-plugin-file",
            "clobbers": [
                "window.File"
            ]
        },
        {
            "id": "cordova-plugin-file.FileEntry",
            "file": "plugins/cordova-plugin-file/www/FileEntry.js",
            "pluginId": "cordova-plugin-file",
            "clobbers": [
                "window.FileEntry"
            ]
        },
        {
            "id": "cordova-plugin-file.FileError",
            "file": "plugins/cordova-plugin-file/www/FileError.js",
            "pluginId": "cordova-plugin-file",
            "clobbers": [
                "window.FileError"
            ]
        },
        {
            "id": "cordova-plugin-file.FileReader",
            "file": "plugins/cordova-plugin-file/www/FileReader.js",
            "pluginId": "cordova-plugin-file",
            "clobbers": [
                "window.FileReader"
            ]
        },
        {
            "id": "cordova-plugin-file.FileSystem",
            "file": "plugins/cordova-plugin-file/www/FileSystem.js",
            "pluginId": "cordova-plugin-file",
            "clobbers": [
                "window.FileSystem"
            ]
        },
        {
            "id": "cordova-plugin-file.FileUploadOptions",
            "file": "plugins/cordova-plugin-file/www/FileUploadOptions.js",
            "pluginId": "cordova-plugin-file",
            "clobbers": [
                "window.FileUploadOptions"
            ]
        },
        {
            "id": "cordova-plugin-file.FileUploadResult",
            "file": "plugins/cordova-plugin-file/www/FileUploadResult.js",
            "pluginId": "cordova-plugin-file",
            "clobbers": [
                "window.FileUploadResult"
            ]
        },
        {
            "id": "cordova-plugin-file.FileWriter",
            "file": "plugins/cordova-plugin-file/www/FileWriter.js",
            "pluginId": "cordova-plugin-file",
            "clobbers": [
                "window.FileWriter"
            ]
        },
        {
            "id": "cordova-plugin-file.Flags",
            "file": "plugins/cordova-plugin-file/www/Flags.js",
            "pluginId": "cordova-plugin-file",
            "clobbers": [
                "window.Flags"
            ]
        },
        {
            "id": "cordova-plugin-file.LocalFileSystem",
            "file": "plugins/cordova-plugin-file/www/LocalFileSystem.js",
            "pluginId": "cordova-plugin-file",
            "clobbers": [
                "window.LocalFileSystem"
            ],
            "merges": [
                "window"
            ]
        },
        {
            "id": "cordova-plugin-file.Metadata",
            "file": "plugins/cordova-plugin-file/www/Metadata.js",
            "pluginId": "cordova-plugin-file",
            "clobbers": [
                "window.Metadata"
            ]
        },
        {
            "id": "cordova-plugin-file.ProgressEvent",
            "file": "plugins/cordova-plugin-file/www/ProgressEvent.js",
            "pluginId": "cordova-plugin-file",
            "clobbers": [
                "window.ProgressEvent"
            ]
        },
        {
            "id": "cordova-plugin-file.fileSystems",
            "file": "plugins/cordova-plugin-file/www/fileSystems.js",
            "pluginId": "cordova-plugin-file"
        },
        {
            "id": "cordova-plugin-file.requestFileSystem",
            "file": "plugins/cordova-plugin-file/www/requestFileSystem.js",
            "pluginId": "cordova-plugin-file",
            "clobbers": [
                "window.requestFileSystem"
            ]
        },
        {
            "id": "cordova-plugin-file.resolveLocalFileSystemURI",
            "file": "plugins/cordova-plugin-file/www/resolveLocalFileSystemURI.js",
            "pluginId": "cordova-plugin-file",
            "merges": [
                "window"
            ]
        },
        {
            "id": "cordova-plugin-file.isChrome",
            "file": "plugins/cordova-plugin-file/www/browser/isChrome.js",
            "pluginId": "cordova-plugin-file",
            "runs": true
        },
        {
            "id": "cordova-plugin-file.androidFileSystem",
            "file": "plugins/cordova-plugin-file/www/android/FileSystem.js",
            "pluginId": "cordova-plugin-file",
            "merges": [
                "FileSystem"
            ]
        },
        {
            "id": "cordova-plugin-file.fileSystems-roots",
            "file": "plugins/cordova-plugin-file/www/fileSystems-roots.js",
            "pluginId": "cordova-plugin-file",
            "runs": true
        },
        {
            "id": "cordova-plugin-file.fileSystemPaths",
            "file": "plugins/cordova-plugin-file/www/fileSystemPaths.js",
            "pluginId": "cordova-plugin-file",
            "merges": [
                "cordova"
            ],
            "runs": true
        },
        {
            "id": "cordova-plugin-media.MediaError",
            "file": "plugins/cordova-plugin-media/www/MediaError.js",
            "pluginId": "cordova-plugin-media",
            "clobbers": [
                "window.MediaError"
            ]
        },
        {
            "id": "cordova-plugin-media.Media",
            "file": "plugins/cordova-plugin-media/www/Media.js",
            "pluginId": "cordova-plugin-media",
            "clobbers": [
                "window.Media"
            ]
        },
        {
            "id": "cordova-plugin-camera.Camera",
            "file": "plugins/cordova-plugin-camera/www/CameraConstants.js",
            "pluginId": "cordova-plugin-camera",
            "clobbers": [
                "Camera"
            ]
        },
        {
            "id": "cordova-plugin-camera.CameraPopoverOptions",
            "file": "plugins/cordova-plugin-camera/www/CameraPopoverOptions.js",
            "pluginId": "cordova-plugin-camera",
            "clobbers": [
                "CameraPopoverOptions"
            ]
        },
        {
            "id": "cordova-plugin-camera.camera",
            "file": "plugins/cordova-plugin-camera/www/Camera.js",
            "pluginId": "cordova-plugin-camera",
            "clobbers": [
                "navigator.camera"
            ]
        },
        {
            "id": "cordova-plugin-camera.CameraPopoverHandle",
            "file": "plugins/cordova-plugin-camera/www/CameraPopoverHandle.js",
            "pluginId": "cordova-plugin-camera",
            "clobbers": [
                "CameraPopoverHandle"
            ]
        },
        {
            "id": "cordova-plugin-dialogs.notification",
            "file": "plugins/cordova-plugin-dialogs/www/notification.js",
            "pluginId": "cordova-plugin-dialogs",
            "merges": [
                "navigator.notification"
            ]
        },
        {
            "id": "cordova-plugin-dialogs.notification_android",
            "file": "plugins/cordova-plugin-dialogs/www/android/notification.js",
            "pluginId": "cordova-plugin-dialogs",
            "merges": [
                "navigator.notification"
            ]
        },
        {
            "id": "cordova-plugin-geolocation.geolocation",
            "file": "plugins/cordova-plugin-geolocation/www/android/geolocation.js",
            "pluginId": "cordova-plugin-geolocation",
            "clobbers": [
                "navigator.geolocation"
            ]
        },
        {
            "id": "cordova-plugin-geolocation.PositionError",
            "file": "plugins/cordova-plugin-geolocation/www/PositionError.js",
            "pluginId": "cordova-plugin-geolocation",
            "runs": true
        },
        {
            "id": "com.telerik.plugins.nativepagetransitions.NativePageTransitions",
            "file": "plugins/com.telerik.plugins.nativepagetransitions/www/NativePageTransitions.js",
            "pluginId": "com.telerik.plugins.nativepagetransitions",
            "clobbers": [
                "window.plugins.nativepagetransitions"
            ]
        },
        {
            "id": "card.io.cordova.mobilesdk.CardIO",
            "file": "plugins/card.io.cordova.mobilesdk/www/cdv-plugin-card-io.js",
            "pluginId": "card.io.cordova.mobilesdk",
            "clobbers": [
                "CardIO"
            ]
        },
        {
            "id": "com.paypal.cordova.mobilesdk.PayPalMobile",
            "file": "plugins/com.paypal.cordova.mobilesdk/www/cdv-plugin-paypal-mobile-sdk.js",
            "pluginId": "com.paypal.cordova.mobilesdk",
            "clobbers": [
                "PayPalMobile"
            ]
        },
        {
            "id": "cordova-plugin-file-transfer.FileTransferError",
            "file": "plugins/cordova-plugin-file-transfer/www/FileTransferError.js",
            "pluginId": "cordova-plugin-file-transfer",
            "clobbers": [
                "window.FileTransferError"
            ]
        },
        {
            "id": "cordova-plugin-file-transfer.FileTransfer",
            "file": "plugins/cordova-plugin-file-transfer/www/FileTransfer.js",
            "pluginId": "cordova-plugin-file-transfer",
            "clobbers": [
                "window.FileTransfer"
            ]
        },
        {
            "id": "onesignal-cordova-plugin.OneSignal",
            "file": "plugins/onesignal-cordova-plugin/www/OneSignal.js",
            "pluginId": "onesignal-cordova-plugin",
            "clobbers": [
                "OneSignal"
            ]
        },
        {
            "id": "cordova-plugin-network-information.network",
            "file": "plugins/cordova-plugin-network-information/www/network.js",
            "pluginId": "cordova-plugin-network-information",
            "clobbers": [
                "navigator.connection",
                "navigator.network.connection"
            ]
        },
        {
            "id": "cordova-plugin-network-information.Connection",
            "file": "plugins/cordova-plugin-network-information/www/Connection.js",
            "pluginId": "cordova-plugin-network-information",
            "clobbers": [
                "Connection"
            ]
        },
        {
            "id": "phonegap-plugin-mobile-accessibility.mobile-accessibility",
            "file": "plugins/phonegap-plugin-mobile-accessibility/www/mobile-accessibility.js",
            "pluginId": "phonegap-plugin-mobile-accessibility",
            "clobbers": [
                "window.MobileAccessibility"
            ]
        },
        {
            "id": "phonegap-plugin-mobile-accessibility.MobileAccessibilityNotifications",
            "file": "plugins/phonegap-plugin-mobile-accessibility/www/MobileAccessibilityNotifications.js",
            "pluginId": "phonegap-plugin-mobile-accessibility",
            "clobbers": [
                "MobileAccessibilityNotifications"
            ]
        },
        {
            "id": "cordova-plugin-admobpro.AdMob",
            "file": "plugins/cordova-plugin-admobpro/www/AdMob.js",
            "pluginId": "cordova-plugin-admobpro",
            "clobbers": [
                "window.AdMob"
            ]
        },
        {
            "id": "cordova-plugin-nativeaudio.nativeaudio",
            "file": "plugins/cordova-plugin-nativeaudio/www/nativeaudio.js",
            "pluginId": "cordova-plugin-nativeaudio",
            "clobbers": [
                "window.plugins.NativeAudio"
            ]
        },
        {
            "id": "cordova-plugin-inapppurchase.InAppBillingV3",
            "file": "plugins/cordova-plugin-inapppurchase/www/index-android.js",
            "pluginId": "cordova-plugin-inapppurchase",
            "merges": [
                "inAppPurchase"
            ]
        }
    ],
    "plugin_metadata": {
        "cordova-plugin-whitelist": "1.3.2",
        "cordova-plugin-device": "1.1.5",
        "cordova-plugin-splashscreen": "4.0.2",
        "cordova-plugin-console": "1.0.6",
        "ionic-plugin-keyboard": "2.2.1",
        "cordova-plugin-inappbrowser": "1.7.0",
        "cordova-plugin-compat": "1.1.0",
        "cordova-plugin-file": "4.3.2",
        "cordova-plugin-media": "3.0.0",
        "cordova-plugin-camera": "2.4.0",
        "cordova-plugin-dialogs": "1.3.2",
        "cordova-plugin-geolocation": "2.4.2",
        "com.telerik.plugins.nativepagetransitions": "0.6.5",
        "card.io.cordova.mobilesdk": "2.1.0",
        "com.paypal.cordova.mobilesdk": "3.4.0",
        "cordova-plugin-file-transfer": "1.6.2",
        "onesignal-cordova-plugin": "2.0.11",
        "cordova-plugin-network-information": "1.3.3-dev",
        "phonegap-plugin-mobile-accessibility": "1.0.5-dev",
        "cordova-plugin-crosswalk-webview": "2.3.0",
        "cordova-plugin-extension": "1.5.1",
        "cordova-plugin-admobpro": "2.28.3",
        "cordova-plugin-nativeaudio": "3.0.9",
        "cordova-plugin-inapppurchase": "1.1.0"
    }
}