{
  "name": "bowser",
  "description": "a browser detector",
  "keywords": [
    "ender",
    "browser",
    "sniff",
    "detection"
  ],
  "version": "1.4.5",
  "homepage": "https://github.com/ded/bowser",
  "scripts": [
    "src/bowser.js"
  ],
  "authors": [
    "Dustin Diaz <dustin@dustindiaz.com> (http://dustindiaz.com)"
  ],
  "moduleType": [],
  "license": "MIT",
  "main": "src/bowser.js",
  "ignore": [
    "node_modules",
    "test",
    "make",
    "**/.*",
    "Makefile"
  ],
  "_release": "1.4.5",
  "_resolution": {
    "type": "version",
    "tag": "1.4.5",
    "commit": "0ebb998454882bec7dc9b59ef43f42eeaa2ff160"
  },
  "_source": "https://github.com/ded/bowser.git",
  "_target": "~1.4.5",
  "_originalSource": "browser",
  "_direct": true
}