{
  "name": "awlert",
  "description": "Awesome Alert for Ionic 1.X",
  "main": "dist/js/awlert.min.js",
  "authors": [
    "Jouderian Nobre <jouderianjr@gmail.com>"
  ],
  "license": "MIT",
  "keywords": [
    "alert",
    "toast",
    "notification",
    "ionic"
  ],
  "homepage": "https://github.com/jouderianjr/awlert",
  "ignore": [
    "node_modules",
    "bower_components",
    "test",
    "tests",
    "README.md",
    "LICENSE",
    "package.json"
  ],
  "version": "1.0.0",
  "_release": "1.0.0",
  "_resolution": {
    "type": "version",
    "tag": "v1.0.0",
    "commit": "d68e9913648b30d4e21062be0423901d0b627821"
  },
  "_source": "https://github.com/jouderianjr/awlert.git",
  "_target": "^1.0.0",
  "_originalSource": "awlert",
  "_direct": true
}