{
  "name": "angular-animate",
  "version": "1.3.20",
  "main": "./angular-animate.js",
  "ignore": [],
  "dependencies": {
    "angular": "1.3.20"
  },
  "homepage": "https://github.com/angular/bower-angular-animate",
  "_release": "1.3.20",
  "_resolution": {
    "type": "version",
    "tag": "v1.3.20",
    "commit": "a0d4208f770315df80866fcb449eff913efbbbdc"
  },
  "_source": "https://github.com/angular/bower-angular-animate.git",
  "_target": "~1.3.0",
  "_originalSource": "angular-animate"
}